{
  "position_open_times": {
    "HYPE": 1744348085.0847821,
    "JUP": 1744348085.084853,
    "TRUMP": 1744348085.085054,
    "WIF": 1744348085.085095,
    "XRP": 1744348085.0851352
  }
}